{
  "ae_campfire": {
    "total_ms": 170.6180990000803,
    "avg_ms": 1.706180990000803,
    "median_ms": 1.6214035000245985,
    "p99_ms": 4.54814200003284,
    "peak_mb": 19.63671875
  },
  "lp_campfire": {
    "total_ms": 31164.892124999824,
    "avg_ms": 311.64892124999824,
    "median_ms": 286.2103710000099,
    "p99_ms": 868.9305109999736,
    "peak_mb": 19.25
  },
  "parallel_1": {
    "ae_ms": 4.784739000001537,
    "lp_ms": 257.00622900001235,
    "ratio": 53.71374049868338
  },
  "parallel_10": {
    "ae_ms": 21.22536299998501,
    "lp_ms": 330.19610599995985,
    "ratio": 15.5566765100881
  },
  "parallel_25": {
    "ae_ms": 50.58193600001459,
    "lp_ms": 408.7259869999684,
    "ratio": 8.080473372941883
  },
  "parallel_100": {
    "ae_ms": 182.43977399998812,
    "lp_ms": 1262.8629879999949,
    "ratio": 6.92208151935157
  },
  "amiibo": {
    "ae_total_ms": 102.4088969999184,
    "lp_total_ms": 26540.78635299998,
    "speedup": 259.1648492515365
  }
}