{
  "ae_campfire": {
    "total_ms": 139.1728160006096,
    "avg_ms": 1.391728160006096,
    "median_ms": 1.369141499935722,
    "p99_ms": 2.530091999688011,
    "peak_mb": 16.73828125
  },
  "lp_campfire": {
    "total_ms": 29628.39496499828,
    "avg_ms": 296.2839496499828,
    "median_ms": 283.3700334997502,
    "p99_ms": 693.3030889999827,
    "peak_mb": 19.13671875
  },
  "parallel_1": {
    "ae_ms": 3.9923139997881663,
    "lp_ms": 251.23191500006214,
    "ratio": 62.92889662821928
  },
  "parallel_10": {
    "ae_ms": 20.6382879996454,
    "lp_ms": 284.77928799975416,
    "ratio": 13.798590658520084
  },
  "parallel_25": {
    "ae_ms": 47.355228000014904,
    "lp_ms": 1069.912793000185,
    "ratio": 22.59334054942885
  },
  "parallel_100": {
    "ae_ms": 176.10652699977436,
    "lp_ms": 1380.9734169999501,
    "ratio": 7.841693550641195
  },
  "amiibo": {
    "ae_total_ms": 95.37876399872403,
    "lp_total_ms": 25392.80906799968,
    "speedup": 266.2312657809173
  }
}