{
  "ae_campfire": {
    "total": 153.86883100109117,
    "median": 1.4889249998759624,
    "p99": 2.5433690000227216
  },
  "lp_campfire": {
    "total": 16.805433000399717,
    "median": 0.12800100012100302,
    "p99": 0.588973000049009
  },
  "ae_amiibo": {
    "total": 698.1534490016656,
    "median": 6.677956999965318
  },
  "lp_amiibo": {
    "total": 15.89929399938228,
    "median": 0.14863999990666343
  },
  "parallel_1": {
    "wall_ms": 2.3584260000006907,
    "avg_lat": 1.9463860000996647,
    "throughput": 424.01160774164936
  },
  "parallel_10": {
    "wall_ms": 12.428958999862516,
    "avg_lat": 5.6810534000078405,
    "throughput": 804.5726114399939
  },
  "parallel_25": {
    "wall_ms": 27.937168999869755,
    "avg_lat": 7.712475760008601,
    "throughput": 894.8651883845694
  },
  "parallel_50": {
    "wall_ms": 50.34116299998459,
    "avg_lat": 9.855926400005046,
    "throughput": 993.2229813605082
  },
  "parallel_100": {
    "wall_ms": 95.17043599998942,
    "avg_lat": 12.049067369996465,
    "throughput": 1050.7464734112505
  },
  "ae_live": [
    {
      "name": "apple.com",
      "html_tok": 30567,
      "extract_tok": 580,
      "savings": 98.10252887100468,
      "items": 20,
      "total_nodes": 39,
      "tier": "hydration",
      "ms": 303.318470000022
    },
    {
      "name": "Hacker News",
      "html_tok": 8579,
      "extract_tok": 542,
      "savings": 93.68224734817578,
      "items": 20,
      "total_nodes": 490,
      "tier": "static_fallback",
      "ms": 495.7481700000699
    },
    {
      "name": "lobste.rs",
      "html_tok": 14732,
      "extract_tok": 557,
      "savings": 96.2191148520228,
      "items": 20,
      "total_nodes": 440,
      "tier": "static",
      "ms": 473.972786999866
    },
    {
      "name": "rust-lang.org",
      "html_tok": 4614,
      "extract_tok": 1043,
      "savings": 77.39488513220633,
      "items": 20,
      "total_nodes": 85,
      "tier": "static_fallback",
      "ms": 730.9235309999167
    }
  ]
}