{
  "ae_campfire": {
    "total": 112.27062899865814,
    "median": 1.139866999892547,
    "p99": 1.410070000019914
  },
  "lp_campfire": {
    "total": 15.70509300086087,
    "median": 0.11591399993449159,
    "p99": 0.5482629999278288
  },
  "ae_amiibo": {
    "total": 616.0622110010081,
    "median": 6.107346000135294
  },
  "lp_amiibo": {
    "total": 12.052552998738975,
    "median": 0.11051699993913644
  },
  "parallel_1": {
    "wall_ms": 2.813174000038998,
    "avg_lat": 2.249932000040644,
    "throughput": 355.4703690515188
  },
  "parallel_10": {
    "wall_ms": 13.071838000087155,
    "avg_lat": 5.034637399967323,
    "throughput": 765.0033606546629
  },
  "parallel_25": {
    "wall_ms": 30.989415999783887,
    "avg_lat": 10.541942960026063,
    "throughput": 806.7270451361311
  },
  "parallel_50": {
    "wall_ms": 56.704808999938905,
    "avg_lat": 10.585237400023289,
    "throughput": 881.7594289058247
  },
  "parallel_100": {
    "wall_ms": 115.1055999998789,
    "avg_lat": 19.468769660011276,
    "throughput": 868.7674622269047
  },
  "ae_live": [
    {
      "name": "apple.com",
      "html_tok": 30567,
      "extract_tok": 580,
      "savings": 98.10252887100468,
      "items": 20,
      "total_nodes": 39,
      "tier": "hydration",
      "ms": 300.3650430000562
    },
    {
      "name": "Hacker News",
      "html_tok": 8624,
      "extract_tok": 528,
      "savings": 93.87755102040816,
      "items": 20,
      "total_nodes": 490,
      "tier": "static_fallback",
      "ms": 509.28984899996976
    },
    {
      "name": "lobste.rs",
      "html_tok": 14686,
      "extract_tok": 567,
      "savings": 96.139180171592,
      "items": 20,
      "total_nodes": 441,
      "tier": "static",
      "ms": 441.6216130000521
    },
    {
      "name": "rust-lang.org",
      "html_tok": 4614,
      "extract_tok": 935,
      "savings": 79.73558734286954,
      "items": 20,
      "total_nodes": 85,
      "tier": "static_fallback",
      "ms": 754.9499289998494
    }
  ]
}