{
  "ae_campfire": {
    "total": 112.06493899953784,
    "median": 1.0659400002168695,
    "p99": 1.7290929999944638
  },
  "lp_campfire": {
    "total": 13.905223999699956,
    "median": 0.12946900005772477,
    "p99": 0.20672400000876223
  },
  "ae_amiibo": {
    "total": 630.1517469980809,
    "median": 6.008190000102331
  },
  "lp_amiibo": {
    "total": 14.449298000499766,
    "median": 0.13771099997939018
  },
  "parallel_1": {
    "wall_ms": 2.4646539998229855,
    "avg_lat": 1.9506060000367142,
    "throughput": 405.7364644578189
  },
  "parallel_10": {
    "wall_ms": 12.069830000200454,
    "avg_lat": 5.64874759995746,
    "throughput": 828.5120834207211
  },
  "parallel_25": {
    "wall_ms": 26.420608000080392,
    "avg_lat": 7.700437879975652,
    "throughput": 946.2310632640979
  },
  "parallel_50": {
    "wall_ms": 51.4536919999955,
    "avg_lat": 10.636762579993047,
    "throughput": 971.747566724743
  },
  "parallel_100": {
    "wall_ms": 102.4639140000545,
    "avg_lat": 14.937821779997194,
    "throughput": 975.9533488047979
  },
  "ae_live": [
    {
      "name": "apple.com",
      "html_tok": 30567,
      "extract_tok": 578,
      "savings": 98.10907187489777,
      "items": 20,
      "total_nodes": 39,
      "tier": "hydration",
      "ms": 32.05905200002235
    },
    {
      "name": "Hacker News",
      "html_tok": 8680,
      "extract_tok": 523,
      "savings": 93.97465437788019,
      "items": 20,
      "total_nodes": 494,
      "tier": "static",
      "ms": 498.127439999962
    },
    {
      "name": "lobste.rs",
      "html_tok": 14774,
      "extract_tok": 579,
      "savings": 96.08095302558549,
      "items": 20,
      "total_nodes": 446,
      "tier": "static_fallback",
      "ms": 547.4449389998881
    },
    {
      "name": "rust-lang.org",
      "html_tok": 4614,
      "extract_tok": 900,
      "savings": 80.49414824447334,
      "items": 20,
      "total_nodes": 85,
      "tier": "static_fallback",
      "ms": 575.1289680001719
    }
  ]
}