{
  "ae_campfire": {
    "total": 108.2958179954403,
    "median": 1.0492620003788034,
    "p99": 1.4809299996159098
  },
  "lp_campfire": {
    "total": 14.600582997900347,
    "median": 0.13661999992109486,
    "p99": 0.2216869997937465
  },
  "ae_amiibo": {
    "total": 629.7408129985342,
    "median": 6.160155999623385
  },
  "lp_amiibo": {
    "total": 14.048030001049483,
    "median": 0.13214399996286375
  },
  "parallel_1": {
    "wall_ms": 2.4852060000739584,
    "avg_lat": 2.035000999967451,
    "throughput": 402.38113056633557
  },
  "parallel_10": {
    "wall_ms": 11.847880999994231,
    "avg_lat": 5.461906799973804,
    "throughput": 844.032785272309
  },
  "parallel_25": {
    "wall_ms": 28.870313999959762,
    "avg_lat": 10.079173880039889,
    "throughput": 865.9413957200065
  },
  "parallel_50": {
    "wall_ms": 44.837008000286005,
    "avg_lat": 8.284298580010727,
    "throughput": 1115.1502348167626
  },
  "parallel_100": {
    "wall_ms": 86.75086600032955,
    "avg_lat": 14.44087705999209,
    "throughput": 1152.7262448264219
  },
  "ae_live": [
    {
      "name": "apple.com",
      "html_tok": 30567,
      "extract_tok": 586,
      "savings": 98.08289985932541,
      "items": 20,
      "total_nodes": 39,
      "tier": "hydration",
      "ms": 1318.5760299998037
    },
    {
      "name": "Hacker News",
      "html_tok": 8679,
      "extract_tok": 540,
      "savings": 93.7780850328379,
      "items": 20,
      "total_nodes": 494,
      "tier": "static",
      "ms": 674.346685999808
    },
    {
      "name": "lobste.rs",
      "html_tok": 14668,
      "extract_tok": 579,
      "savings": 96.05263157894737,
      "items": 20,
      "total_nodes": 443,
      "tier": "static_fallback",
      "ms": 639.3556740003987
    },
    {
      "name": "rust-lang.org",
      "html_tok": 4614,
      "extract_tok": 913,
      "savings": 80.21239705244906,
      "items": 20,
      "total_nodes": 85,
      "tier": "static_fallback",
      "ms": 1935.1797560002524
    }
  ]
}