{
  "ae_campfire": {
    "total": 102.3264550026397,
    "median": 0.9848800000327174,
    "p99": 1.3865670002815023
  },
  "lp_campfire": {
    "total": 15.002952000031655,
    "median": 0.14240600012271898,
    "p99": 0.22157600005812128
  },
  "ae_amiibo": {
    "total": 626.4478039997812,
    "median": 6.15928899969731
  },
  "lp_amiibo": {
    "total": 15.480512000067392,
    "median": 0.14620899992223713
  },
  "parallel_1": {
    "wall_ms": 2.7684079996106448,
    "avg_lat": 2.2767430000385502,
    "throughput": 361.21843317193213
  },
  "parallel_10": {
    "wall_ms": 12.60146699996767,
    "avg_lat": 5.762230899972565,
    "throughput": 793.5584007818817
  },
  "parallel_25": {
    "wall_ms": 30.10641700029737,
    "avg_lat": 8.28009855991695,
    "throughput": 830.3877542037987
  },
  "parallel_50": {
    "wall_ms": 60.329929999625165,
    "avg_lat": 12.599927480023325,
    "throughput": 828.7760320675103
  },
  "parallel_100": {
    "wall_ms": 113.94399899972996,
    "avg_lat": 15.507052680000015,
    "throughput": 877.6241037515016
  },
  "ae_live": [
    {
      "name": "apple.com",
      "html_tok": 30567,
      "extract_tok": 613,
      "savings": 97.99456930676874,
      "items": 20,
      "total_nodes": 39,
      "tier": "hydration",
      "ms": 1310.6549869999071
    },
    {
      "name": "Hacker News",
      "html_tok": 8694,
      "extract_tok": 630,
      "savings": 92.7536231884058,
      "items": 20,
      "total_nodes": 494,
      "tier": "static",
      "ms": 689.4035089999306
    },
    {
      "name": "lobste.rs",
      "html_tok": 14772,
      "extract_tok": 579,
      "savings": 96.0804224207961,
      "items": 20,
      "total_nodes": 446,
      "tier": "static_fallback",
      "ms": 678.027246000056
    },
    {
      "name": "rust-lang.org",
      "html_tok": 4614,
      "extract_tok": 910,
      "savings": 80.27741655830083,
      "items": 16,
      "total_nodes": 85,
      "tier": "static_fallback",
      "ms": 1263.634281999657
    }
  ]
}